[
    {
        "title": "132132",
        "completed": false,
        "id": null
    },
    {
        "title": "1231",
        "completed": false,
        "id": 1
    },
    {
        "title": "123",
        "completed": false,
        "id": 2
    },
    {
        "title": "12",
        "completed": false,
        "id": 3
    },
    {
        "title": "3",
        "completed": false,
        "id": 4
    },
    {
        "title": "123",
        "completed": false,
        "id": 5
    },
    {
        "title": "132",
        "completed": false,
        "id": 6
    }
]